compound,agl_thermal_conductivity_300K,natoms,agl_bulk_modulus_static_300K,ael_poisson_ratio,agl_debye,agl_gruneisen,agl_heat_capacity_Cp_300K,agl_thermal_expansion_300K,density,Egap,Bravais_lattice_lattice_type,ael_speed_sound_average
Ag4O2,0.0174529,6,50.0423,0.487902,56.0669,2.48656,19.566,0.00011511,6.62411,0.0868,CUB,498.802
Cu4O2,0.253177,6,97.0286,0.466027,155.957,2.25972,18.7031,7.51445e-05,6.01944,0.6558,CUB,1237.21
O4Pt2,0.262206,6,134.219,0.470661,136.007,2.31201,18.4381,4.9099e-05,8.4695,0.0,CUB,1089.3
O2Pd4,0.287144,6,117.208,0.462663,144.925,2.44995,18.5642,5.72472e-05,8.1206,0.0,CUB,1187.39
Cl16Hg12O4,0.294549,32,39.5693,0.336375,181.028,2.37251,101.107,9.61616e-05,5.77917,1.4766,CUB,994.214
Bi4Cs12O12,0.296848,28,32.2056,0.340246,164.057,2.16724,88.2131,9.68539e-05,5.17338,3.0558,CUB,1143.55
Cs12O12Sb4,0.343002,28,35.5356,0.341438,182.911,2.20131,87.6459,9.0735e-05,4.59582,3.0799,CUB,1257.23
Ag5O6Pb2,0.452188,13,82.1727,0.404837,193.109,2.40299,40.4582,7.77866e-05,8.32514,0.0,HEX,1469.84
O24Tl16,0.474624,40,105.162,0.364602,244.123,2.42234,121.641,6.18992e-05,9.72744,0.0,BCC,1985.77
Cs6Ni2O4,0.488223,12,27.3577,0.32228,171.929,2.23058,38.5288,0.00012407,4.68948,1.3118,TET,1563.44
Cd4O8Rb8,0.492799,20,40.105,0.334848,215.957,2.21737,62.911,0.000107384,4.70755,1.3563,ORC,1864.6
Bi16O24,0.526131,40,110.209,0.391946,223.069,2.09739,120.166,4.45515e-05,8.74592,1.8636,BCC,1875.06
Ag4O4Rb4,0.545209,12,30.841,0.314963,197.895,2.35511,38.6945,0.000130678,4.47728,1.4461,BCT,1646.41
Bi4O12Rb12,0.572559,28,36.8712,0.28736,224.034,2.15065,87.0688,9.63154e-05,4.72483,3.1139,CUB,1409.36
Au4O4Rb4,0.672033,12,40.5837,0.309732,191.987,2.405,38.0423,0.000102381,6.51611,1.683,BCT,1431.19
Ag4K4O4,0.691056,12,33.8962,0.309263,233.823,2.33473,38.3059,0.000128648,3.86428,1.504,BCT,1952.02
Au1O1Rb3,0.700436,5,13.1368,0.241498,143.902,2.12885,16.9922,0.000212999,4.38386,0.2744,CUB,1609.28
O4Pd8Zr16,0.700895,28,143.953,0.419592,229.044,2.03733,83.3143,3.2795e-05,7.95705,0.0,FCC,1929.65
O1Rb2,0.70091,3,19.6474,0.345643,154.993,2.1903,10.0735,0.00019038,3.81374,1.3159,FCC,1569.5
Cu8O6,0.710014,14,116.163,0.419224,272.995,2.21611,42.1279,6.38159e-05,5.85747,0.0653,BCT,2062.37
Ba1O3Pb1,0.724576,5,52.1884,0.386831,185.98,2.52383,16.0339,0.000108476,6.39138,0.0,CUB,1691.23
Bi4O6,0.741669,10,100.226,0.41891,184.006,2.09853,30.4162,5.02643e-05,8.83343,0.0,CUB,1650.26
Ag6As2O8,0.747144,16,90.4714,0.385651,259.075,2.28457,48.5721,6.87404e-05,6.27993,0.4311,CUB,1760.03
Br1O1Rb3,0.773636,5,13.8761,0.245313,167.83,2.19783,16.9955,0.000212914,3.37381,0.4057,CUB,1894.5
Ca8Cl12O2,0.931659,22,43.4557,0.319894,310.904,2.04314,66.0651,8.46995e-05,2.58258,5.2274,HEX,2712.22
Au1K3O1,0.987767,5,15.8197,0.23931,183.242,2.1008,16.7494,0.000202359,3.64094,0.6417,CUB,1966.15
Cl4O2Pd4,1.01977,10,69.7168,0.369521,253.135,2.36726,30.4213,6.69753e-05,4.69839,1.4743,BCT,1805.56
Ag6O8P2,1.07225,16,102.523,0.378862,294.134,2.17823,47.6992,6.06936e-05,6.08172,0.8715,CUB,1939.43
Cl4Cs4O16,1.12733,24,53.1016,0.297443,348.189,2.20665,71.0828,7.65958e-05,2.93744,5.3337,CUB,1433.77
O8Pd6Tl2,1.12873,16,128.174,0.372854,286.022,2.39948,47.7456,5.28595e-05,8.39729,1.8477,FCC,2326.72
I1K3O1,1.1755,5,15.8981,0.224335,214.127,2.16846,16.6964,0.000200555,2.79143,1.0374,CUB,2362.76
Cs2Fe2O4,1.23136,8,67.1859,0.390363,235.027,2.01325,24.1707,5.99933e-05,4.41627,1.7527,FCC,2364.32
O6Rb4Tb2,1.27197,12,49.1524,0.335463,238.924,1.92586,36.4933,7.45118e-05,4.70609,0.0,ORCC,1726.99
Br1K3O1,1.29405,5,16.6486,0.231255,235.057,2.13584,16.5417,0.000196902,2.39653,0.8846,CUB,2510.72
In2Na10O8,1.32893,20,55.2628,0.30128,381.001,2.05512,58.9254,9.40377e-05,3.10435,1.8407,ORC,3000.28
Hg1O2Rb2,1.33742,5,33.8622,0.284848,207.833,2.33455,15.9102,0.00011613,5.14954,2.0066,BCT,1644.52
Cu2O2,1.43012,4,136.881,0.434587,272.008,2.22573,12.0105,6.00002e-05,5.96773,0.0,MCLC,2015.09
Cs2Cu2O4,1.45598,8,51.9207,0.329219,261.993,2.23128,24.4256,7.96349e-05,4.22102,1.2828,ORCC,1850.41
O2Rb2,1.46816,4,29.6067,0.306299,225.945,2.13608,12.711,0.000132345,3.61348,1.7635,ORCI,1927.53
La16O24,1.46822,40,109.882,0.329039,343.069,2.03655,115.323,3.82036e-05,5.64167,3.5256,BCC,3021.61
Ag2In2O4,1.49327,8,103.268,0.380112,270.026,2.27581,24.0486,5.93458e-05,6.88202,0.6242,HEX,2155.67
Ag4Mo2O8,1.5752,14,121.46,0.380903,314.974,2.1339,41.0399,4.65736e-05,5.88821,2.7337,FCC,1837.63
Ca2O8Tl4,1.58178,14,108.913,0.33022,307.898,2.36614,41.7387,6.17286e-05,8.43032,0.046,ORCC,2444.14
C2K8O8,1.59611,18,64.9244,0.320248,415.74,2.07922,51.7553,7.80993e-05,2.68394,3.0066,TET,2512.33
Cu6O8Pb1,1.60526,15,111.957,0.354609,353.842,2.27498,43.8627,5.91899e-05,5.78034,0.1957,FCC,2847.34
K4O6Pb4,1.62271,14,45.6461,0.243622,264.081,2.07889,42.6387,8.29156e-05,5.608,1.6911,BCC,1673.04
In16O24,1.63955,40,144.68,0.319054,412.971,2.20043,112.734,4.36777e-05,6.8671,1.1117,BCC,3242.69
O12Sr4Tb4,1.6612,20,95.5051,0.339322,314.079,1.95976,58.6207,5.05921e-05,6.05535,0.0,ORC,2636.29
Cd2O2,1.66417,4,87.9671,0.399725,229.956,2.18795,12.1468,6.11897e-05,6.28799,0.0,HEX,1942.64
N8Ni4O24,1.67057,36,132.098,0.357672,557.813,2.11036,94.3997,4.78591e-05,2.8443,3.2388,CUB,2449.15
Au2O4Rb2,1.67784,8,59.6218,0.305435,257.057,2.36253,24.4057,7.24858e-05,5.67883,1.7621,ORCC,1620.88
Au2In2O4,1.704,8,116.286,0.365967,260.889,2.34264,24.0558,5.4812e-05,9.39442,0.1328,HEX,2103.89
O12Pb4Sr4,1.72959,20,100.275,0.295356,340.156,2.28552,58.7919,5.95871e-05,7.41335,0.7905,ORC,2842.9
O28P8Th4,1.73068,40,125.712,0.368308,405.963,1.92163,111.756,3.01123e-05,3.45724,5.3833,CUB,3187.9
O24Se8Sn4,1.74422,36,101.58,0.291291,449.005,2.23936,100.346,5.03959e-05,4.13452,2.0808,CUB,2405.74
K2O1,1.76563,3,23.9131,0.301853,260.787,2.09138,9.64542,0.000166916,2.29606,1.7128,FCC,2560.04
Ca1Mn7O12,1.77403,20,164.03,0.315606,565.957,2.99274,53.6838,6.32935e-05,4.84192,0.0,BCC,4135.77
Au2O4Y2,1.79906,8,109.392,0.379842,253.07,2.14774,23.9149,4.74034e-05,7.73964,2.8141,HEX,2113.43
Na2O8Pd6,1.81151,16,146.72,0.35398,378.882,2.3303,46.1321,5.24645e-05,7.09096,0.0,CUB,2918.17
Mn4O14Tl4,1.85878,22,144.668,0.29611,426.959,2.59867,62.8448,6.03319e-05,8.15424,0.0,FCC,3291.02
O8Pt6,1.8683,14,201.353,0.375487,308.031,2.39896,41.0076,3.73505e-05,11.9767,0.0,CUB,2395.9
O14Pt4Sb4,1.88474,22,160.953,0.340411,364.067,2.24919,63.3976,4.53249e-05,9.23088,0.0,FCC,3205.43
Fe2In2O6,1.88724,10,147.139,0.316767,494.532,3.60862,28.8237,7.96477e-05,5.93802,0.9602,HEX,3706.26
Ca2O8Pd6,1.90335,16,149.455,0.354964,377.853,2.32809,46.0508,4.94437e-05,7.06505,0.0,CUB,2931.33
Na6O5Pb1,1.94195,12,59.1269,0.267019,386.973,2.21677,35.7219,0.000105656,4.13182,1.1163,BCT,3119.8
Ce4O28P8,1.94692,40,132.573,0.356414,486.916,2.0497,107.863,3.2178e-05,2.93938,2.2386,CUB,3689.52
O2Pb1,1.96155,3,125.152,0.404296,231.107,2.36992,9.13418,6.02862e-05,10.0444,0.0,FCC,1806.81
O12Se4Sr4,1.96625,20,93.7696,0.324718,383.897,2.06869,57.3543,5.36779e-05,4.42482,3.8366,ORC,2272.56
Cd4O8Sn2,1.9816,14,133.082,0.350424,351.156,2.27363,40.7167,5.06671e-05,7.18237,0.3593,ORC,2673.32
Cl1O4Tl1,1.9836,6,59.8928,0.33517,285.185,2.19948,18.1523,7.72305e-05,4.27761,4.5736,FCC,1190.19
Ba3Co3O6,1.99198,12,80.9206,0.330743,309.033,2.05843,35.4788,5.86641e-05,5.38592,1.6271,HEX,2621.17
Hg4O14Sb4,2.0121,22,146.373,0.296821,397.052,2.51309,63.0366,5.04491e-05,8.56176,0.0,FCC,3139.3
O24Tb16,2.05475,40,137.756,0.306418,373.94,2.00687,113.803,3.66695e-05,7.84462,3.9046,BCC,3074.47
O2Rb1,2.06442,3,34.5302,0.324628,256.954,2.07516,9.39026,0.000123678,3.15221,0.0,BCT,1767.14
Cd4O8,2.15515,12,108.988,0.337172,363.137,2.19089,34.9502,6.14056e-05,6.14323,1.4193,CUB,2762.86
Ho16O24,2.1579,40,143.005,0.303655,374.928,1.98742,113.692,3.62613e-05,8.40769,3.9506,BCC,3057.33
Li8O8Pb2,2.23797,18,78.9391,0.258968,449.828,2.11748,51.4353,9.05592e-05,4.81814,1.4368,ORCC,3079.83
Na2O8Pt6,2.23931,16,184.629,0.340288,348.998,2.37786,46.38,4.30447e-05,11.7066,0.0,CUB,2649.09
Bi4In4O12,2.26327,20,138.981,0.322204,351.041,2.15986,57.8032,4.37935e-05,8.7703,2.494,ORC,2711.38
Cd2O8Rh4,2.28708,14,169.432,0.36926,376.089,2.25027,40.0484,4.12486e-05,7.1842,1.8886,FCC,2823.76
Ag2O4Y2,2.29628,8,98.156,0.368022,295.938,2.05254,23.6093,4.91777e-05,5.53412,2.5359,HEX,2483.02
Cl4Na4O12,2.29745,20,69.7209,0.273629,530.019,2.15438,54.3642,7.60899e-05,2.36886,5.6206,CUB,2531.72
Ca2In4O8,2.30697,14,120.275,0.351207,372.018,2.1217,40.2066,4.74923e-05,5.42539,2.1275,BCT,2990.08
Er16O24,2.30729,40,145.371,0.297774,380.965,1.97586,113.394,3.59853e-05,8.66313,3.9686,BCC,3065.73
O8Pb2Sr4,2.31137,14,92.5458,0.290148,347.157,2.23818,41.0225,5.97907e-05,6.52283,1.4054,ORC,2852.22
Bi8O12,2.31233,20,97.7811,0.277644,312.101,2.10542,58.6652,4.64846e-05,8.30837,2.5915,FCC,1429.15
Au4La4O12,2.32446,20,128.066,0.305266,354.064,2.22988,57.7636,4.35796e-05,8.07361,1.9733,ORC,2639.15
Mg2O6V2,2.32607,10,118.691,0.395441,423.019,2.06175,28.0603,4.61983e-05,2.82789,0.0,ORCC,3225.73
C1Na4O4,2.32809,9,69.5098,0.358581,439.919,1.98965,25.4854,7.41755e-05,2.09391,2.4562,BCT,2894.45
Ag2Ga2O4,2.33078,8,129.598,0.367303,338.858,2.24994,23.4502,5.57988e-05,6.99145,0.9858,HEX,2559.01
Cd4O12Sn4,2.37723,20,143.227,0.311856,416.995,2.3211,56.5423,4.80278e-05,7.10473,0.4471,ORC,3296.89
Ce1Ga1O3,2.37931,5,78.6163,0.330943,299.928,2.27813,14.8761,6.1894e-05,4.86582,0.0,CUB,2352.59
O8Pd6Sr2,2.37955,16,140.034,0.318839,394.15,2.35208,45.8203,5.08079e-05,7.52714,0.0,CUB,3107.38
O4S1Zn1,2.38717,6,97.8347,0.414084,350.902,2.00424,17.283,4.21325e-05,2.3215,4.8011,FCC,2599.82
Br4Na4O12,2.39887,20,73.0804,0.256318,482.232,2.19283,55.6567,7.18722e-05,3.17918,4.4464,CUB,2454.19
Ag4Al4O8,2.40141,16,120.008,0.346237,397.045,2.02628,45.485,4.95734e-05,5.24078,1.4608,ORC,2800.37
Ag1Na1O1,2.42368,3,51.1524,0.314308,276.191,2.25423,9.39792,0.00012223,5.28629,0.0,FCC,2339.79
Cd2In4O8,2.42846,14,127.171,0.337258,363.076,2.18534,40.3943,4.75404e-05,6.73527,1.0847,BCT,2901.46
Cd2Mn4O8,2.43845,14,131.563,0.338539,428.959,2.29446,39.5302,5.36567e-05,5.39908,0.6967,BCT,3043.79
La4O10Pd4,2.44399,18,139.714,0.328869,374.94,2.20757,51.5072,4.2069e-05,7.14268,1.8389,TET,2871.22
Ba3O1Pb1,2.4635,5,32.1449,0.213185,198.96,2.13,15.4944,8.26846e-05,6.15221,0.0,CUB,2182.71
Ag4O12Sb4,2.47447,20,127.195,0.273904,443.009,2.50439,56.2914,5.34601e-05,6.5045,0.6067,FCC,3517.84
Cr4Hg2O8,2.5102,14,151.424,0.355552,380.012,2.14452,40.0156,4.48314e-05,7.07091,1.2025,FCC,2893.52
Cu2In2O4,2.52247,8,119.296,0.360151,339.965,2.22172,23.3821,5.30502e-05,6.23075,0.4446,HEX,2700.17
Bi4O12Rh4,2.54021,20,171.947,0.329558,379.993,2.2141,57.0287,3.98419e-05,9.45276,0.9063,ORC,2894.1
As2Bi2O8,2.54877,12,152.734,0.358439,362.903,2.21221,34.5238,4.32997e-05,7.31361,2.7352,BCT,2517.79
Ba2O12Te4,2.56174,18,114.599,0.300036,402.123,2.22965,51.2,4.91517e-05,5.85455,1.7384,ORCC,2634.85
Dy8O4S8,2.56402,20,97.0595,0.300653,316.997,1.94632,58.187,3.98413e-05,6.68816,2.1691,ORC,2562.05
Bi4O14Sn4,2.57219,22,142.603,0.302113,389.854,2.23093,62.5766,4.20948e-05,7.99231,2.6269,FCC,3166.63
Bi4Mg2O12,2.57477,18,123.837,0.277856,410.832,2.34638,51.3295,5.53266e-05,7.45935,0.0,TET,3177.47
Na4Ni2O4,2.61306,10,87.5919,0.324531,443.0,2.13053,28.4327,7.74816e-05,3.76808,2.3481,ORCC,3081.28
Ag2O4Sc2,2.61324,8,112.849,0.371736,338.006,2.05732,23.273,4.91578e-05,5.20261,2.4628,HEX,2670.05
In4La4O12,2.63292,20,140.096,0.323081,389.873,2.12686,56.7492,4.05471e-05,6.90074,2.8177,ORC,3148.81
Cl1Na3O1,2.63317,5,28.9303,0.225867,373.434,2.09368,15.4267,0.000160032,2.17663,2.0952,CUB,3579.01
Ba4Mn4O12,2.63685,20,113.571,0.239317,485.858,2.56814,55.663,6.3848e-05,5.92248,0.6679,HEX,3736.76
O24Y16,2.64266,40,136.09,0.303629,473.927,1.98263,108.704,3.53272e-05,4.89501,4.0551,BCC,3908.83
Bi4O14Rh4,2.65083,22,171.073,0.320155,404.959,2.22898,62.0841,3.95615e-05,8.71659,0.0,FCC,3117.2
Cd4Nb4O14,2.66189,22,189.458,0.361121,435.886,2.08891,60.9154,3.44397e-05,6.50184,1.9621,FCC,3204.76
Ba4O12Ru4,2.67391,20,139.889,0.307034,418.122,2.26664,56.2886,4.3217e-05,6.59108,0.0,HEX,2952.43
Br2O8Y6,2.68295,16,108.196,0.340542,363.934,1.96517,45.7808,4.00574e-05,4.79677,4.2091,ORCC,3037.46
Bi4O14Pt4,2.68623,22,171.618,0.30718,379.919,2.2626,62.7359,3.88883e-05,10.4695,1.0682,FCC,2992.37
O14Pt4Tl4,2.70535,22,174.635,0.287836,400.865,2.39545,62.4493,4.2807e-05,11.0409,0.8794,FCC,3039.4
Au2O4Sc2,2.75783,8,125.86,0.357762,310.975,2.14139,23.49,4.68233e-05,7.76088,2.2382,HEX,2471.45
Na6O9S2,2.77532,17,87.2151,0.305308,550.148,2.11095,45.2843,6.39326e-05,2.48395,3.0301,FCC,3169.13
Ba4Ce4O12,2.79546,20,114.566,0.302445,374.065,2.08566,57.076,4.00316e-05,6.07561,2.8768,TET,3202.56
As2Hg1O6,2.8438,9,155.297,0.35738,391.014,2.33928,25.7497,4.87477e-05,6.82062,0.7446,HEX,2611.75
Ba3O1Sn1,2.87552,5,34.2582,0.217617,217.971,2.09528,15.3554,7.66078e-05,5.37215,0.0,CUB,2386.43
Ge3O9Sr3,2.89562,15,99.9023,0.313488,417.892,2.10624,42.2892,4.896e-05,4.177,2.9506,HEX,2656.7
O12Sn4Sr4,2.90029,20,122.627,0.276517,451.164,2.2935,55.729,4.98499e-05,5.9135,1.4249,ORC,3709.15
La6O9,2.90735,15,119.82,0.331239,350.005,2.03867,43.1252,3.81513e-05,6.1641,3.4389,MCLC,2856.58
Au2Ga2O4,2.9255,8,145.959,0.339851,332.88,2.32568,23.457,5.14896e-05,9.97958,0.2012,HEX,2539.92
Ag2Co2O4,2.95475,8,153.361,0.364064,374.916,2.22975,23.0311,5.04085e-05,7.25634,1.8904,HEX,2714.4
Cs2O12Te4,2.95947,18,109.219,0.245966,454.923,2.49031,50.3545,5.32122e-05,5.44881,0.0,FCC,3738.19
Cd4O14Sb4,2.9836,22,151.781,0.272074,489.061,2.4621,60.1907,4.69587e-05,6.79017,0.4798,FCC,3818.83
O12Pb4Tc4,2.98668,20,145.971,0.2942,400.134,2.23683,56.6192,4.09588e-05,8.0905,0.0,FCC,3153.99
Cd2Ga4O8,3.00631,14,151.688,0.342291,426.849,2.14527,39.2548,4.58394e-05,6.35358,1.7656,FCC,3245.01
O8Sn4,3.02075,12,161.45,0.339683,421.858,2.32326,33.8171,4.64735e-05,6.98984,0.181,ORC,2390.81
O2Pd2,3.02912,4,151.646,0.387686,312.908,2.38902,11.7979,4.89095e-05,7.80173,0.178,TET,2408.72
Dy4O14V4,3.03527,22,207.71,0.283648,547.997,2.72363,58.1807,4.04488e-05,6.92329,0.8117,FCC,4084.6
Ba6O10Si2,3.05649,18,94.7961,0.267945,393.093,2.08864,51.2997,4.9479e-05,5.52731,3.5267,BCT,2970.58
Ca4Mn4O12,3.07098,20,136.953,0.30091,576.016,2.32855,52.2381,5.21717e-05,4.10294,0.8874,HEX,4074.2
Cd4O8Si2,3.10276,14,154.996,0.341836,432.934,2.16722,39.1009,4.39864e-05,6.1915,1.1565,FCC,3238.14
Ca4O8Pb2,3.10819,14,106.68,0.287493,413.107,2.18196,39.7953,5.55944e-05,5.83151,1.4857,ORC,3271.71
O6Pt3Zn1,3.12374,10,201.563,0.360084,357.908,2.29863,28.7814,3.9253e-05,10.7992,0.5419,ORCC,2560.9
K4O12Sb4,3.13029,20,111.152,0.236166,522.796,2.5024,54.1402,5.52652e-05,4.62869,1.1259,FCC,4357.09
Cu2O4Y2,3.18158,8,112.793,0.360836,357.993,2.05372,23.049,4.55094e-05,4.87204,2.7617,HEX,2971.03
O8Sn2Zn4,3.18772,14,144.009,0.33539,427.04,2.07626,39.2536,4.74927e-05,6.36958,0.6598,FCC,3184.65
Mn4O12Sr4,3.19101,20,127.25,0.258141,541.703,2.42337,53.5193,5.63368e-05,5.14059,0.7974,HEX,3968.94
La10O3Si8,3.21651,21,78.6931,0.244807,340.911,1.93837,60.6177,4.11661e-05,5.53578,0.0,HEX,3249.21
Na2O4,3.22926,6,53.4814,0.301094,460.793,2.03472,17.1688,0.000104855,2.19611,0.0,ORC,2853.37
Hf4O28V8,3.23817,40,129.617,0.299749,515.989,1.9517,105.973,3.02058e-05,3.60511,2.6438,CUB,3462.26
O12Rh4Tb4,3.24417,20,190.197,0.327532,427.943,2.15589,55.6892,3.63825e-05,8.66614,1.7439,ORC,3170.5
Ba2O2,3.25459,4,63.0082,0.313733,257.035,2.10698,12.0699,6.45754e-05,5.9412,2.3603,HEX,2395.79
Ba2Bi2O6,3.25923,10,100.847,0.28029,337.016,2.26506,29.2553,5.20501e-05,7.58207,0.0,FCC,2959.07
Fe4O11Sr4,3.26311,19,125.799,0.276002,508.216,2.27327,51.5294,5.26538e-05,5.17095,0.0,ORCC,3998.11
O2Pt2,3.28977,4,182.58,0.382775,268.068,2.3898,11.8866,4.0391e-05,13.2145,0.1971,TET,2070.68
La4O4Se3,3.2937,11,89.4966,0.303311,312.947,2.03778,32.1175,4.1542e-05,5.88827,1.4444,ORCC,2624.0
Bi4Ir4O14,3.29991,22,185.714,0.300895,401.036,2.20015,61.9947,3.55691e-05,10.7112,0.0,FCC,3056.42
Ce4O12Sr4,3.31914,20,122.161,0.298897,417.876,2.05806,55.9793,3.91637e-05,5.55621,2.9297,ORC,3415.98
Ge4O24Se8,3.33296,36,121.719,0.227098,589.136,2.21321,92.6766,4.58741e-05,4.34946,2.7302,CUB,3083.66
Mn4O10Sr4,3.34065,18,115.114,0.264321,498.828,2.27568,49.1569,5.54163e-05,5.07482,0.1202,ORC,3831.46
Bi4Ga4O12,3.34915,20,130.857,0.281466,406.865,2.0925,56.4021,4.28011e-05,7.54535,1.9081,ORC,2639.56
Ga2Gd6O12,3.39673,20,141.697,0.30725,399.114,1.99538,56.3692,3.82567e-05,7.46209,3.5087,ORCC,3062.22
Co2K2O4,3.41067,8,87.1187,0.324819,418.834,2.08644,22.7412,6.2527e-05,3.62988,1.0851,TET,2905.17
Ga2O12Tb6,3.42866,20,149.331,0.307693,405.045,2.02501,56.2311,3.79853e-05,7.77089,3.6365,ORCC,3086.91
La4O14Sn4,3.44255,22,141.129,0.282543,454.023,2.20506,60.688,3.93351e-05,6.30751,2.0853,FCC,3767.26
Mg6O6,3.47269,12,88.8306,0.343819,502.877,1.88942,32.4177,5.22601e-05,2.2404,2.8856,CUB,4178.66
Dy6Ga2O12,3.51157,20,151.51,0.305736,406.068,2.02025,56.2082,3.79395e-05,8.01849,3.6261,ORCC,3062.16
Bi2O2Se1,3.51302,5,96.5786,0.331572,251.067,2.09493,14.9318,4.64526e-05,9.18333,0.4046,BCT,1958.38
Ca4O12Rh4,3.53915,20,159.993,0.305769,529.806,2.22486,53.1771,4.28294e-05,5.39781,0.2367,ORC,3994.37
Ba1Cu3O4,3.57166,8,96.7633,0.287911,431.178,2.57834,22.9837,7.01488e-05,5.26864,0.6706,ORCC,2984.71
Cl1K1O4,3.59182,6,62.9328,0.310923,455.044,2.20449,16.9362,7.28292e-05,2.08571,5.1425,FCC,1913.44
Co2O8Rh4,3.59214,14,187.069,0.344338,457.908,2.20839,38.5155,3.8544e-05,6.77222,1.928,FCC,3318.04
Ga2Ho6O12,3.59613,20,153.666,0.303375,407.917,2.01757,56.1451,3.78392e-05,8.22984,3.5973,ORCC,3056.08
O8Pd4Y2,3.61057,14,170.138,0.325319,445.854,2.25132,38.8393,4.1081e-05,7.0988,0.0,BCT,3207.42
Cu3O5Sr2,3.63613,10,103.109,0.281097,434.817,2.27474,28.3361,6.25124e-05,5.45089,0.0,ORCC,3373.23
Gd4O14Zr4,3.66031,22,171.093,0.328497,436.106,1.96407,60.7452,3.25078e-05,6.88743,0.1483,FCC,3454.95
Cl1O4Rb1,3.66355,6,59.1908,0.286734,414.035,2.21047,17.2828,7.46102e-05,2.61862,5.2205,FCC,1745.97
Mn4O14Sb4,3.67755,22,156.427,0.26177,561.883,2.43259,57.7071,4.4881e-05,5.67964,0.0,FCC,4300.34
La1O3Ti1,3.68015,5,158.455,0.378685,374.046,2.30328,14.3526,4.42529e-05,6.08968,0.0,CUB,3047.75
La4O12Y4,3.70853,20,132.302,0.300216,429.92,2.02115,55.5736,3.67016e-05,5.78322,4.5627,ORC,3550.18
Bi2O8V2,3.72026,12,142.569,0.347627,386.0,1.99515,33.9657,3.64413e-05,6.02418,2.7616,BCT,2733.38
O4S1Sr1,3.73259,6,102.04,0.369511,402.943,2.03149,17.0107,4.92425e-05,3.24891,3.9262,FCC,2284.17
Li4O8Rh4,3.73499,16,171.653,0.316524,536.08,2.22206,42.5278,4.73246e-05,5.94794,2.3816,FCC,3230.0
Er6Ga2O12,3.74371,20,155.895,0.300327,411.057,2.0061,56.0507,3.75446e-05,8.4373,3.5672,ORCC,3062.42
Mg2O8Rh4,3.77398,14,182.78,0.342176,482.016,2.20242,38.0571,3.86828e-05,6.02846,2.1913,FCC,3449.92
Na4O12Sb4,3.77467,20,121.915,0.231539,567.262,2.44706,52.5652,5.12428e-05,4.57789,1.4776,FCC,4399.78
O1Pb1Sr3,3.77771,5,38.4608,0.182157,254.024,2.10503,15.259,8.08315e-05,5.68641,0.0,CUB,2637.54
Cd1O6Pt3,3.78171,10,192.442,0.332102,377.132,2.3447,28.5854,3.94568e-05,10.8692,0.5795,ORCC,2852.45
Bi4Cr4O12,3.78178,20,166.366,0.296333,441.124,2.10001,55.4295,3.9244e-05,8.41289,1.5496,ORC,3346.41
Ba1O3Pa1,3.79553,5,110.168,0.376,254.056,1.82809,14.7831,3.67902e-05,7.56406,0.0,CUB,2196.42
O12Rh4U2,3.82191,18,204.459,0.338285,439.038,2.12026,49.6866,3.16671e-05,8.03756,1.4152,TET,3222.26
La2O3,3.83825,5,88.267,0.352649,293.963,2.06919,14.6761,3.9689e-05,4.59725,1.6,HEX,2805.04
O28P8Zr4,3.84663,40,158.117,0.314294,647.984,2.01705,97.7726,2.72127e-05,2.81595,4.4684,CUB,4838.03
Co4O14Sb4,3.85683,22,164.945,0.267117,561.802,2.38557,57.5756,4.31175e-05,5.98438,0.9008,FCC,4126.02
O1Pb1Yb3,3.88396,5,47.2028,0.172938,224.922,2.0748,15.3422,7.88235e-05,10.542,0.0,CUB,2197.97
Bi4O14Ti4,3.89553,22,168.143,0.307087,453.08,2.03077,60.3948,3.47288e-05,7.23387,2.8929,FCC,3517.43
O2Pb2,3.91442,4,64.6239,0.2789,239.04,2.09353,12.0913,6.02925e-05,8.32366,1.6215,TET,1235.5
As4O12Sr2,3.96712,18,141.144,0.281675,546.954,2.28067,47.5068,4.46925e-05,4.73947,3.2419,HEX,3772.92
O1Sn1Yb3,3.976,5,50.7189,0.203059,233.047,2.02618,15.2313,7.24494e-05,9.43152,0.0,CUB,2397.18
Gd4O14Sn4,4.03794,22,152.748,0.271976,464.846,2.14732,60.2585,3.80546e-05,7.23794,2.1547,FCC,3733.35
Ba6O18Ti6,4.05023,30,144.107,0.256314,531.105,2.08153,79.2685,3.74522e-05,5.5749,2.1853,HEX,4140.8
Ca4O12Ru4,4.07978,20,166.307,0.30482,543.934,2.15204,52.5795,3.9249e-05,5.31536,0.0,ORC,4130.04
O8Rh4Zn2,4.08247,14,190.67,0.331021,476.918,2.21472,38.1606,3.84124e-05,7.06112,2.0292,FCC,3377.56
Dy4Li4O8,4.09064,16,123.195,0.28225,437.913,1.96825,44.5625,4.78268e-05,6.59218,4.5771,ORC,3367.34
Ag2Al2O4,4.10466,8,146.471,0.346996,426.115,2.11131,22.4643,4.83282e-05,6.06196,1.6901,HEX,3122.21
O14Sn4Tb4,4.11772,22,156.873,0.272806,468.076,2.14609,60.1677,3.76806e-05,7.41013,2.2244,FCC,3739.03
O8Th4,4.12168,12,182.646,0.347331,344.996,2.0483,34.366,2.88771e-05,9.54116,3.165,ORC,2594.19
Dy4O14Sn4,4.15721,22,157.991,0.270836,468.02,2.14457,60.1346,3.76102e-05,7.54439,2.2087,FCC,3722.4
In4Mg2O8,4.1691,14,136.769,0.29984,467.106,2.12797,38.4813,4.46204e-05,5.75203,1.9939,FCC,3559.01
Cs2O4Y2,4.1819,8,84.1012,0.279562,348.994,2.08279,23.2336,5.19717e-05,5.56123,2.8353,HEX,2922.41
O24Sc16,4.23674,40,159.052,0.289962,655.959,1.9357,97.4508,3.18371e-05,3.61456,4.276,BCC,5103.18
Ga2O12Y6,4.24501,20,147.576,0.303763,494.018,2.01076,53.8544,3.67318e-05,5.26527,3.7068,ORCC,3742.92
Ge2Mg2O6,4.25803,10,182.446,0.359963,525.878,2.13272,26.6514,4.4636e-05,5.06576,2.4289,ORCC,3441.76
Ho4O14Sn4,4.25834,22,158.78,0.268858,469.877,2.13811,60.098,3.75956e-05,7.65603,2.1953,FCC,3719.41
Dy4O14Ru4,4.26953,22,187.734,0.295453,483.999,2.13383,59.5295,3.42479e-05,7.85734,0.553,FCC,3703.12
Er4O14Sn4,4.27273,22,159.914,0.269272,468.959,2.13283,60.1182,3.75243e-05,7.76459,2.173,FCC,3695.24
Ga4Ho4O12,4.28497,20,180.77,0.296736,472.899,2.06875,54.5211,3.81364e-05,8.41444,3.7695,ORC,3478.05
Cu2O4Sr2,4.29353,8,97.3228,0.287517,413.792,2.15882,22.7595,5.83123e-05,5.18432,0.0,ORCC,3206.39
Co4O12Se4,4.29365,20,139.755,0.276703,541.148,2.06943,52.8131,4.51054e-05,5.23267,3.1502,ORC,3272.96
O14Pb4Sb4,4.30099,22,127.236,0.196273,467.914,2.27071,60.6059,4.61729e-05,7.99908,0.0,FCC,3883.87
Li4O12Sb4,4.32974,20,147.647,0.248087,606.038,2.34193,51.1626,4.86507e-05,5.1859,2.1418,ORC,3842.45
Ge1O8Zr3,4.33192,12,214.648,0.376214,472.947,2.04786,32.5512,3.1055e-05,5.7573,3.8792,BCT,3336.71
Er4O14Ru4,4.33276,22,190.688,0.295739,482.938,2.12263,59.5573,3.41074e-05,8.09935,0.555,FCC,3660.95
H4In4O8,4.3398,16,153.727,0.286439,538.785,2.12241,42.5378,5.1703e-05,6.35968,1.7219,CUB,3795.84
Ho4O14Ru4,4.36323,22,189.487,0.293876,486.072,2.12943,59.465,3.41245e-05,7.98764,0.5524,FCC,3689.22
Cd4O12V4,4.43936,20,181.275,0.301575,537.872,2.12647,52.6891,3.77807e-05,6.29411,0.4482,ORC,3924.88
Co1O6Pt3,4.44125,10,201.604,0.325712,403.884,2.30266,28.2318,3.83417e-05,10.6579,0.5743,ORCC,2936.66
La2O8P2,4.44492,12,154.416,0.348994,467.07,2.04585,32.7296,3.45922e-05,4.52769,5.3868,BCT,3157.69
Mg1O6Pt3,4.45721,10,197.113,0.326233,408.933,2.28788,28.1801,3.8835e-05,10.1427,0.6517,ORCC,2960.0
Ca4O8Sn2,4.51284,14,120.41,0.277799,513.812,2.16232,37.6645,4.79204e-05,4.54336,2.457,ORC,3985.83
O12Sb4Zn2,4.52183,18,176.75,0.268408,564.175,2.40618,47.0107,4.19352e-05,6.46102,0.7321,TET,4113.59
Nb8O24Zn4,4.53052,36,213.379,0.304381,609.891,2.01526,90.2161,2.80572e-05,5.5622,3.6269,ORC,3771.16
Ge2Mn4O8,4.53693,14,160.312,0.311379,536.919,2.14513,37.0911,4.45385e-05,5.41548,0.8331,ORC,3909.66
Cu2Ga2O4,4.54873,8,148.319,0.332897,452.028,2.17319,22.2384,4.91775e-05,6.10941,1.0375,HEX,3355.77
Ce2O8V2,4.55947,12,139.283,0.341061,442.07,1.9751,33.0955,3.44796e-05,4.54933,2.4075,BCT,3150.62
O14Sn4Y4,4.5744,22,155.791,0.272322,523.879,2.1438,58.401,3.68274e-05,5.87171,2.2481,FCC,4178.82
Ca4O12Tc4,4.57881,20,169.313,0.285356,584.842,2.25517,51.3535,3.82335e-05,5.09335,0.7858,ORC,4438.65
O1Sn1Sr3,4.58204,5,41.3158,0.188473,285.887,2.06356,15.0382,7.37819e-05,4.73595,0.0,CUB,2972.25
Bi1Co1O3,4.5882,5,130.719,0.351931,333.099,2.05474,14.5349,4.53047e-05,7.58313,0.6847,TET,1961.88
Cr4Mn2O8,4.60207,14,165.87,0.334156,539.934,2.06594,36.8581,3.92546e-05,4.642,2.3446,FCC,4002.51
Ni2O12Sb4,4.63346,18,180.043,0.270642,571.101,2.40259,46.7844,4.07894e-05,6.3481,0.8785,TET,4224.3
Mg4O8Sn2,4.63605,14,134.33,0.301591,531.04,2.06063,37.2208,4.66736e-05,4.60609,1.5203,FCC,4031.34
Bi4O14Ru4,4.65744,22,177.832,0.263872,479.911,2.17007,59.7278,3.55198e-05,8.66097,0.0,FCC,3639.43
Ga4Li4O8,4.67502,16,120.112,0.275551,581.879,2.02503,41.4373,5.29201e-05,4.06256,3.3069,ORC,3744.22
Mo2O12Rh4,4.68684,18,227.281,0.329861,543.991,2.22262,47.1105,3.11098e-05,6.52266,0.0544,TET,3910.92
O24Si12,4.68816,36,114.446,0.283089,711.087,1.95684,84.266,2.88158e-05,1.76068,4.9689,CUB,4530.97
Mn4O14Y4,4.72584,22,162.857,0.252137,626.856,2.32621,55.2608,4.22069e-05,5.22444,0.8556,FCC,4887.82
Ba2O14U4,4.72901,20,138.36,0.277781,408.967,1.91951,55.886,3.28336e-05,7.43438,2.9088,BCT,2406.93
Cu2O4Sc2,4.74294,8,128.82,0.344831,451.148,2.02606,22.1171,4.39598e-05,4.33637,2.6414,HEX,3521.31
O14Ru4Y4,4.75822,22,185.409,0.29575,546.998,2.13296,57.5,3.32709e-05,6.01864,0.5591,FCC,4203.77
As2O8Tb2,4.84113,12,153.946,0.310807,463.031,2.15877,32.9147,3.8367e-05,6.01518,3.6548,BCT,3298.54
Cr2Cu2O4,4.84194,8,152.151,0.341436,472.135,2.13391,21.9533,4.55453e-05,5.32897,1.6367,HEX,3499.26
Mn3Nb6O11,4.85083,20,193.73,0.32303,518.956,2.03629,52.9475,3.00406e-05,5.88515,0.4695,HEX,3825.73
Co2O2,4.85589,4,122.06,0.37313,377.864,1.97713,11.4625,5.09495e-05,4.9955,1.011,HEX,2906.97
O8Pr2V2,4.8759,12,142.546,0.336063,451.98,1.97185,32.9257,3.41288e-05,4.6491,2.7093,BCT,3228.48
Cd1O6Sb2,4.88431,9,151.986,0.305361,461.915,2.34658,24.8449,4.34165e-05,6.22351,1.4565,HEX,3088.53
Al2Au2O4,4.9083,8,164.525,0.318378,400.919,2.17875,22.6833,4.4783e-05,9.25458,0.9622,HEX,2971.51
Na2O1,4.91614,3,40.4111,0.246272,435.964,2.04737,8.86953,0.00013755,2.38016,1.9195,FCC,3811.26
O3Ru1Sr1,4.93488,5,135.371,0.280701,476.775,2.83148,14.032,6.27366e-05,6.12877,0.0,CUB,3865.81
C4O12Sr4,4.93664,20,121.976,0.277879,578.81,1.95665,51.4799,4.16906e-05,3.64297,4.4409,ORC,3115.29
Cd4O12Ti4,4.97296,20,180.303,0.295943,551.972,2.08799,52.1785,3.57114e-05,5.99856,2.6187,ORC,4178.63
I1K1O3,4.97774,5,103.197,0.275584,457.167,2.5939,14.1431,6.56784e-05,4.79478,0.0,CUB,3860.4
Dy4O14Tc4,5.00051,22,187.031,0.280721,505.984,2.11024,58.8015,3.28746e-05,7.63422,1.3957,FCC,3881.58
As2Dy2O8,5.04372,12,155.687,0.305848,468.138,2.15806,32.8239,3.82436e-05,6.15381,3.629,BCT,3306.64
Bi1O2,5.05798,3,128.75,0.346792,301.038,2.23717,8.87389,5.05163e-05,9.50777,0.0,FCC,2393.18
Br1Li3O1,5.08135,5,43.5217,0.205538,454.188,1.89027,14.5097,0.000131379,3.01647,4.2806,CUB,3777.94
O8Si2Zn4,5.11332,14,158.261,0.327952,537.145,1.94737,36.8695,3.95327e-05,4.73351,3.3701,BCT,3661.33
O4Te2,5.12679,6,142.519,0.344181,393.969,2.17412,17.0061,4.00819e-05,5.95761,0.0,TET,3178.45
N8O4,5.12946,12,66.0354,0.246405,673.123,2.09403,29.4554,5.94606e-05,1.38626,3.331,CUB,1535.66
Ba2C8O8,5.15933,18,123.483,0.312072,557.011,1.8444,46.7269,3.64036e-05,3.16728,2.5632,BCT,2743.98
O8P2Pr2,5.22204,12,162.138,0.33873,488.945,2.01814,32.3375,3.35985e-05,4.78151,4.0572,BCT,3306.88
Hf4La4O14,5.26227,22,168.003,0.26995,465.086,2.0226,59.8796,3.07248e-05,7.73588,4.4648,FCC,3730.17
Ge2Ni4O8,5.28083,14,175.227,0.30369,559.866,2.13317,36.5333,4.18735e-05,5.86812,1.9703,FCC,4118.07
Ga4O12Te2,5.29373,18,186.699,0.268034,606.106,2.32431,45.7473,4.00908e-05,6.24661,0.8257,TET,4405.12
Al2O4Rb2,5.31359,8,87.0913,0.29825,437.139,1.92656,22.3192,5.04477e-05,3.596,3.3753,FCC,3778.17
Al4Cd2O8,5.34032,14,168.776,0.324604,547.086,1.97896,36.6475,3.85741e-05,5.03801,2.8029,FCC,4052.86
La4O14Zr4,5.3462,22,160.045,0.276298,512.047,2.03644,58.4752,3.09565e-05,5.78358,3.7972,FCC,4122.33
Cu2O3Sr1,5.34777,6,104.741,0.295005,424.165,2.13458,16.9738,5.71792e-05,5.3465,0.0,ORCC,3207.39
Er4O14Tc4,5.35573,22,189.886,0.273255,514.094,2.09886,58.5289,3.2543e-05,7.86351,1.2928,FCC,3894.06
Mg2O12Sb4,5.37528,18,172.722,0.249984,613.893,2.382,45.5652,4.07399e-05,5.75937,1.0418,TET,4523.8
Gd2O8V2,5.37694,12,151.183,0.327495,459.076,1.96157,32.8037,3.40348e-05,5.29012,2.9412,BCT,3266.5
Al2Li10O8,5.39709,20,91.8434,0.234411,793.099,1.86514,44.8169,6.2861e-05,2.16608,4.7955,ORC,5356.67
Hf4O12Sr4,5.40067,20,159.68,0.260425,477.945,2.0481,54.2185,3.41452e-05,7.50283,3.9614,ORCC,3803.14
La3O12P3,5.40539,18,127.694,0.281289,532.135,2.02709,47.3946,3.38603e-05,3.84544,5.2512,HEX,3790.88
O28P8Ti4,5.41219,40,167.073,0.27987,783.095,2.02954,88.6696,2.60232e-05,2.62021,3.0926,CUB,5459.71
O4S4Zr4,5.46648,12,148.355,0.328682,457.086,1.99064,32.7949,3.13485e-05,4.81625,2.4226,CUB,3551.48
Hf4O4S4,5.46788,12,159.952,0.315622,385.996,1.95993,33.8416,3.08018e-05,8.11561,2.8657,CUB,2942.51
Dy2O8V2,5.50685,12,157.745,0.326667,463.08,1.96983,32.7461,3.39074e-05,5.5842,2.9629,BCT,3273.33
Bi1In1O3,5.54031,5,132.827,0.317674,348.998,2.17887,14.4817,4.54492e-05,8.608,0.2241,CUB,2835.39
Mn2O6Y2,5.55972,10,145.057,0.312393,503.884,2.12347,26.8985,4.11879e-05,4.88724,0.0,HEX,4044.68
La4O14Ti4,5.5638,22,166.285,0.280282,552.056,2.0271,57.2375,3.1944e-05,5.40576,3.2676,FCC,4397.86
Al2K2O4,5.56473,8,87.1839,0.317047,500.164,1.89642,21.5991,4.87307e-05,2.48498,2.9344,FCC,4306.82
Cl2O2Y2,5.58495,6,100.303,0.318329,392.067,2.00395,17.0344,4.49195e-05,4.49239,5.0652,TET,2876.92
Ca2O6Pt2,5.58614,10,170.471,0.292502,468.161,2.25328,27.4696,4.20628e-05,7.95575,1.6237,ORCC,3280.16
O12Sb8,5.58758,20,98.2339,0.169484,494.048,2.13761,54.1383,4.24931e-05,5.12145,3.3387,FCC,1512.2
Li4Mn4O8,5.61154,16,134.591,0.235106,711.258,2.24776,38.238,5.53858e-05,4.01866,1.2158,BCT,4422.92
Cd4O14Ta4,5.6234,22,186.161,0.269643,499.029,2.06734,58.8812,3.0619e-05,7.93969,2.1174,FCC,3560.89
Ga1O3Pr1,5.63216,5,103.733,0.324064,370.09,2.02322,14.3461,4.70768e-05,5.28417,0.6346,CUB,3156.27
Ga2In2O6,5.6648,10,162.978,0.306703,486.162,2.15517,27.1792,4.15092e-05,6.54426,1.5028,HEX,3778.8
Ge2Li4O6,5.67772,12,109.256,0.2609,632.103,2.07511,30.2479,5.80151e-05,3.34906,3.5103,ORCC,3770.78
Bi1Er2O2,5.75289,5,99.2872,0.294714,272.952,1.96145,14.7542,4.00837e-05,9.57097,0.0,BCT,2075.85
Cr2Ho2O8,5.7556,12,153.683,0.305083,483.01,2.05185,32.5096,3.67273e-05,5.76995,0.19,BCT,3442.6
Ga4Mg2O8,5.80634,14,164.183,0.298482,583.895,2.06986,35.9677,4.11416e-05,5.06641,3.291,FCC,4291.26
O6Sn2Sr2,5.80732,10,123.246,0.242096,490.157,2.31156,27.3271,4.90584e-05,5.92798,1.1654,BCT,4059.7
Ca3O12S3,5.81437,18,112.131,0.259592,674.113,2.08715,43.6306,4.02591e-05,2.4795,5.6793,HEX,4044.67
La2O2Te1,5.815,5,86.6415,0.293289,302.027,2.02509,14.6406,4.03686e-05,6.21099,1.9022,BCT,2441.86
Cr2Er2O8,5.86044,12,155.035,0.303846,483.89,2.04561,32.4867,3.65879e-05,5.88616,0.188,BCT,3440.73
Gd4Hf4O14,5.86906,22,179.098,0.262282,472.1,1.98394,59.6557,3.04456e-05,8.75272,3.4526,FCC,3608.19
O2Sn1,5.86964,3,169.009,0.363508,396.082,2.39625,8.56376,4.68979e-05,7.05277,0.0,FCC,2978.3
Ba1O4S1,5.87666,6,95.6691,0.303997,434.966,2.06817,16.775,4.90283e-05,3.84765,4.5103,FCC,2488.62
Dy4Hf4O14,5.90862,22,184.48,0.263349,473.059,1.988,59.6344,3.03805e-05,9.10692,3.2266,FCC,3580.41
Mg8O8,5.91195,16,112.991,0.270176,670.158,1.94337,38.9723,4.76377e-05,2.81668,3.0749,ORCI,5089.47
Hf4Ho4O14,5.91332,22,185.617,0.263298,471.953,1.98485,59.6499,3.0352e-05,9.21326,3.1166,FCC,3548.74
O2Zn2,5.94554,4,158.323,0.363494,409.102,1.99961,11.3208,5.1697e-05,7.16434,1.8555,HEX,2897.1
O10Ti6,5.9605,16,170.243,0.328966,603.166,1.96294,40.3132,3.12452e-05,3.66531,1.1285,ORCC,4560.23
Co1O3Sr1,5.97575,5,118.375,0.307579,449.896,2.14929,14.0016,5.9717e-05,5.58305,0.0,CUB,3669.01
Er4Hf4O14,5.98782,22,186.753,0.262457,472.974,1.9824,59.6327,3.03539e-05,9.33528,3.0089,FCC,3541.46
C2Ca2O6,5.9987,10,128.546,0.33844,601.064,1.93522,25.3634,4.03583e-05,2.58861,4.6261,ORCC,3152.93
Bi1Dy2O2,6.01725,5,96.995,0.289566,277.981,1.96273,14.7355,4.00555e-05,9.1897,0.0,BCT,2128.31
Bi1Ho2O2,6.01931,5,98.0588,0.288669,278.066,1.96598,14.7357,4.0204e-05,9.3798,0.0,BCT,2109.59
Mn1Ni6O8,6.02782,15,167.219,0.279984,581.087,2.0437,38.6321,4.2518e-05,5.93715,1.2282,FCC,4118.99
Ga4O8Zn2,6.06248,14,171.312,0.287558,563.798,2.07936,36.4072,4.10948e-05,6.118,2.8556,FCC,4104.62
H2In2O4,6.12877,8,149.75,0.299859,516.98,2.1279,21.5261,5.18324e-05,6.11075,2.0422,ORC,3721.04
Ca3O1Pb1,6.14242,5,48.4151,0.168759,334.014,2.03197,14.7825,7.28692e-05,4.90302,0.0,CUB,3267.18
Al2O8P2,6.164,12,127.267,0.353801,596.873,1.89534,30.293,2.87213e-05,1.88752,5.3305,HEX,5006.68
Cr2O8Tb2,6.18622,12,150.474,0.295242,497.909,2.05716,32.2544,3.6456e-05,5.5207,0.1927,BCT,3553.81
O4Sn2,6.18729,6,157.623,0.309461,466.003,2.40753,16.5493,4.36746e-05,6.32339,0.3843,ORC,3693.84
Mg4O12Se4,6.21231,20,132.507,0.231982,646.13,2.03,49.4655,4.35101e-05,4.25523,4.0086,ORC,3826.79
O14V4Y4,6.22808,22,186.192,0.285263,625.851,2.03061,54.6916,3.13195e-05,5.014,0.8073,FCC,4775.38
O8Zn4,6.29213,12,145.855,0.277165,569.997,1.98233,31.2472,5.09336e-05,5.72001,2.753,CUB,4028.59
Ni2O2Zr6,6.3661,10,148.305,0.308896,396.917,1.95239,28.0656,3.11031e-05,7.1175,0.0,ORCC,3349.21
Mn1O3Sr1,6.37594,5,114.794,0.220518,541.336,2.67903,13.6335,7.26335e-05,5.38267,0.0,CUB,4494.4
Al4O8Pb2,6.38406,14,119.284,0.255532,491.021,1.92899,37.8013,4.03914e-05,5.2348,3.9547,ORCC,2993.83
O8V2Y2,6.43648,12,155.411,0.324975,538.137,1.95964,31.4493,3.26278e-05,4.08029,2.9571,BCT,3819.28
Cr4O12Te2,6.43882,18,193.028,0.267826,647.782,2.22796,44.2923,3.5278e-05,5.52627,1.2773,TET,4820.05
Hf4O14Y4,6.43897,22,182.207,0.262609,521.062,1.98906,58.1318,2.97851e-05,7.36826,3.3362,FCC,3942.02
Gd4O14Ti4,6.45483,22,178.949,0.268256,560.876,1.97634,56.8863,3.12767e-05,6.3214,3.2737,FCC,4324.49
Ba2O4Zr1,6.45536,7,111.192,0.277707,403.063,2.11021,19.7649,4.17284e-05,5.81724,2.9804,BCT,3397.06
Ca2O2,6.46607,4,81.5229,0.32435,445.101,1.99004,11.1643,5.53125e-05,2.77483,3.1113,HEX,3841.69
Ca4N8O24,6.49476,36,112.98,0.154564,894.648,2.0932,73.3733,3.93043e-05,2.35409,3.6739,CUB,2406.53
Bi1O2Y2,6.52619,5,94.0575,0.292299,316.017,1.96785,14.5639,4.04529e-05,6.71986,0.0,BCT,2435.72
Cr4Mg2O8,6.52937,14,169.972,0.305025,636.132,2.04676,34.7063,3.71844e-05,4.18264,2.7649,FCC,4623.25
Gd2O8P2,6.54379,12,172.486,0.314872,519.102,2.0151,31.8107,3.32404e-05,5.48174,5.5739,BCT,3444.47
C1Li4O4,6.5548,9,98.3277,0.307004,728.386,1.87805,21.1591,5.88001e-05,1.87179,4.6927,BCT,4477.3
Ce2O8Si2,6.57371,12,180.507,0.324046,540.919,2.05868,31.4108,3.11783e-05,4.91079,2.0285,BCT,3940.8
O14Y4Zr4,6.58133,22,173.61,0.271695,583.924,2.00198,56.0792,2.96307e-05,5.25984,2.7011,FCC,4444.84
Dy4O14Ti4,6.58296,22,185.215,0.267179,563.873,1.98306,56.7848,3.10801e-05,6.62585,3.2411,FCC,4309.14
Cr4O8Zn2,6.60566,14,177.21,0.296564,601.935,2.05491,35.4803,3.75622e-05,5.20196,2.6349,BCT,4368.69
Er4O14Ti4,6.62512,22,187.747,0.266916,560.982,1.97424,56.8509,3.10007e-05,6.84679,3.1172,FCC,4257.69
O14Tb4Ti4,6.63451,22,184.267,0.266086,567.945,1.98553,56.6322,3.09264e-05,6.48621,3.3021,FCC,4354.63
Ba1O2,6.66459,3,72.9023,0.265379,352.112,2.15098,8.80885,6.80887e-05,5.41233,2.2186,BCT,2896.65
Ce2O4,6.72636,6,147.409,0.339159,398.992,2.05283,16.8666,3.27931e-05,5.81356,2.4966,TET,3244.26
O2Ti6,6.73611,8,147.315,0.342659,463.026,1.92157,21.813,3.29872e-05,4.49022,0.0,HEX,3593.98
O2Se2Th2,6.7443,6,124.878,0.297089,314.984,2.06155,17.3987,3.15734e-05,8.68675,0.9607,TET,2758.42
Na4O8W2,6.76355,14,126.459,0.249075,536.064,2.01072,36.9508,4.04581e-05,4.93288,4.9017,FCC,2768.96
Co2O12Sb4,6.78386,18,172.322,0.272532,575.084,2.03875,46.2611,3.54746e-05,6.28068,0.7899,TET,4158.96
Ca4O12Si4,6.79762,20,202.806,0.294614,756.838,2.07278,45.4534,3.35071e-05,4.10442,3.6913,ORC,5456.3
O2Tb2Te1,6.81717,5,103.003,0.287044,311.045,1.98815,14.5798,3.93391e-05,8.07459,1.1749,BCT,2438.64
Mg3Nb6O11,6.82779,20,199.139,0.291573,601.929,2.01958,50.3981,2.86908e-05,5.50567,0.489,HEX,4386.6
O4Rb2Sc2,6.85733,8,98.6594,0.252599,483.834,2.05728,21.855,5.02614e-05,4.37391,3.7087,HEX,3854.89
O4,6.85764,4,99.5079,0.331928,593.895,2.11692,10.3688,6.28151e-05,2.24406,0.0,HEX,1988.32
Cd1O1,6.92665,2,119.44,0.335391,334.049,2.27237,5.87818,5.66534e-05,7.88122,0.0,FCC,2671.63
O12Ta4V2,6.97398,18,223.783,0.295432,535.113,2.04829,47.1514,2.71586e-05,7.76615,0.8081,TET,3701.62
Ca4O12Zr4,6.98271,20,159.859,0.261995,624.899,2.02325,49.7754,3.2217e-05,4.47117,3.8224,ORC,4774.75
La3O7Ta1,6.99383,11,148.528,0.282821,442.959,2.03587,30.3029,3.21537e-05,6.66341,3.6497,ORCC,3556.46
Ba1O3Pu1,7.02168,5,114.665,0.296076,331.063,1.99449,14.4916,4.03618e-05,8.30831,0.0,CUB,2871.9
Ba1O3Pr1,7.03495,5,109.112,0.296061,371.967,2.07806,14.2926,4.15349e-05,6.0309,0.0,CUB,3299.02
Mn2O3Ta1,7.0869,6,146.946,0.309062,417.962,2.01291,16.8585,4.56268e-05,8.09908,0.0,HEX,3129.3
Ba1O1,7.09175,2,64.585,0.275697,287.913,2.14322,5.97004,6.10076e-05,5.75725,2.0888,FCC,2756.73
Co1O1,7.10625,2,121.364,0.374366,374.876,2.03108,5.74917,5.28025e-05,4.99028,0.873,FCC,2898.06
O1Ta4,7.12301,5,205.203,0.356203,275.0,1.9503,14.5963,2.36331e-05,15.2225,0.0,TET,2269.9
O8P2Tb2,7.14384,12,179.037,0.30563,538.082,2.03167,31.4713,3.27966e-05,5.67261,5.8763,BCT,3579.46
Dy2O8P2,7.16596,12,181.033,0.306941,535.097,2.02239,31.5317,3.27768e-05,5.82753,5.9062,BCT,3564.59
Ba1O3Tb1,7.16706,5,83.5963,0.271682,337.042,1.83816,14.5037,4.94374e-05,6.46587,0.0,CUB,2942.74
Ba1Fe1O3,7.22743,5,112.258,0.246336,466.137,2.32479,13.9459,5.99274e-05,6.1263,0.0,CUB,3804.78
Ni2O12Ta4,7.28957,18,228.417,0.290689,540.12,2.03831,47.0091,2.71397e-05,8.11914,2.8841,TET,3674.85
In2Li2O4,7.31391,8,129.443,0.252864,539.241,2.153,21.3016,5.36121e-05,5.69821,2.0245,BCT,3452.57
Ge1O3Pb1,7.38513,5,145.267,0.250165,446.123,2.45766,14.0576,5.47485e-05,9.19954,0.0,CUB,3510.19
As2O8Sc2,7.49817,12,166.403,0.290516,632.186,2.1371,29.8189,3.53772e-05,4.14902,3.5213,BCT,4401.75
K2O12Os4,7.51321,18,153.707,0.226849,536.122,2.06282,47.2682,3.22233e-05,6.36668,0.0,FCC,3735.89
Ba1Ce1O3,7.51346,5,111.041,0.29591,377.009,2.05685,14.2445,3.95508e-05,5.91108,2.9598,CUB,3326.04
O14Ti4Y4,7.51764,22,182.568,0.267236,657.042,1.98672,53.5216,2.95668e-05,4.76875,3.2858,FCC,5030.98
Ca1Mn1O3,7.54051,5,125.998,0.227724,644.521,2.73997,12.7562,6.75868e-05,4.30202,0.0,CUB,5193.53
Mo2Na4O8,7.64514,14,117.071,0.232015,635.818,2.04279,34.8277,4.19037e-05,3.4773,4.28,FCC,3403.18
Nb4O14Sn4,7.65654,22,166.324,0.22237,603.108,2.08069,55.453,3.04421e-05,5.72543,1.0459,FCC,4519.59
Ba1O3Sn1,7.688,5,115.805,0.2326,450.086,2.45161,14.0148,5.32843e-05,6.61382,0.0,CUB,3869.47
O2Zr6,7.73648,8,135.151,0.313311,375.026,1.82978,22.6077,2.88865e-05,6.60304,0.0,HEX,3198.57
Er2O8P2,7.75023,12,184.982,0.298472,545.91,2.01658,31.3241,3.24544e-05,6.07438,5.9473,BCT,3616.63
Mn2Na2O4,7.76154,8,113.56,0.219164,642.888,2.29858,20.1301,6.03003e-05,4.00704,1.0842,ORC,4284.01
Al4Gd4O12,7.79564,20,190.221,0.247669,595.98,1.96091,50.6796,3.33504e-05,7.22382,4.9566,ORC,4272.38
Ca3O1Sn1,7.7961,5,51.5487,0.173996,393.863,1.98994,14.3716,6.61022e-05,3.69661,0.0,CUB,3843.1
Hf4O8,7.82442,12,266.205,0.318877,475.013,2.00358,32.4473,2.7797e-05,11.6031,3.385,ORC,3103.66
O12Si6,7.91396,18,107.923,0.286619,699.912,1.89893,42.3908,2.6279e-05,1.54727,5.4901,HEX,5664.57
As8O12,7.92942,20,84.8991,0.123166,604.907,2.02312,50.7266,4.23084e-05,3.38715,4.0171,FCC,1354.02
La2O2S1,7.93424,5,100.579,0.282314,370.097,2.03472,14.2745,3.86147e-05,5.53298,2.9693,HEX,3271.63
O28P8Si4,8.01906,40,204.996,0.249554,943.892,2.0385,77.3967,2.25115e-05,2.90263,5.4705,CUB,5821.01
Fe1O3Sr1,8.0483,5,122.523,0.24144,540.973,2.41268,13.4222,5.99165e-05,5.32906,0.0,CUB,4254.58
Al4Li4O8,8.098,16,128.029,0.26283,788.066,1.89066,35.5852,4.0943e-05,2.52948,4.5894,TET,4970.48
Nb5O9Sr2,8.16702,16,188.713,0.270122,569.861,2.04825,41.0996,2.85933e-05,6.10834,0.0,TET,4400.99
Cr4O12W2,8.187,18,227.346,0.278465,635.061,2.08488,44.4131,2.8271e-05,6.48988,1.1356,TET,4415.16
Ni4O8Si2,8.1978,14,199.234,0.287712,676.136,2.04512,33.7467,3.50356e-05,5.20179,2.9464,FCC,4788.67
Ba1O3Th1,8.21256,5,95.5368,0.304672,311.004,1.7397,14.493,3.39e-05,6.4528,2.9236,CUB,2880.17
Ca4O14Ta4,8.30922,22,179.833,0.229612,603.043,2.01917,55.4063,2.88566e-05,6.24837,2.4623,FCC,4334.64
Cr4O8,8.31568,12,188.924,0.266121,710.98,2.2088,28.3709,3.98758e-05,4.95407,0.0,CUB,5195.09
O8Zr4,8.33108,12,200.688,0.31677,564.06,2.00623,30.8888,2.71374e-05,5.2618,4.0951,ORC,3817.26
Al8C2O8,8.40465,18,143.79,0.277917,745.098,1.87543,41.13,3.18323e-05,2.67094,3.816,ORCC,5501.9
Ca4O12Ti4,8.4113,20,169.034,0.250907,737.007,2.01302,46.063,3.1872e-05,3.86998,2.8956,ORC,5602.2
Cr2K2O4,8.42349,8,116.806,0.23914,602.152,2.16131,20.4956,5.08589e-05,4.04124,2.7688,HEX,4534.28
Ge2Mg4O8,8.56027,14,156.657,0.243537,717.119,2.08234,32.9208,4.05854e-05,4.22161,3.0137,FCC,5274.47
Ge4O8,8.57184,12,212.226,0.260029,694.254,2.33725,28.7093,3.73412e-05,6.05249,1.4607,ORC,4973.72
Al2Cu2O4,8.57476,8,165.81,0.303962,590.863,2.0182,20.455,4.12579e-05,4.98403,2.015,HEX,4275.13
La1Ni1O2,8.62143,4,131.839,0.298672,412.014,2.11225,11.2763,4.48173e-05,6.93722,0.0,TET,3331.05
Ca3Ge1O1,8.64534,5,54.2409,0.169929,444.061,2.02049,14.077,6.69477e-05,3.26348,0.0,CUB,4270.34
O3Sn1Sr1,8.68576,5,123.381,0.250559,485.145,2.34861,13.7134,4.94012e-05,5.83693,0.3313,CUB,4081.44
Nb8O10,8.71805,18,235.158,0.287429,593.973,2.02358,45.4622,2.4435e-05,6.85676,0.0,TET,4454.53
O8P2Y2,8.73884,12,177.315,0.300509,636.977,2.01433,29.6193,3.10338e-05,4.12799,5.7982,BCT,4225.6
Al4O12Y4,8.78906,20,192.898,0.254463,699.102,1.96509,47.2784,3.12063e-05,5.19488,5.5421,ORC,5086.4
Bi1O3Sc1,8.83105,5,135.508,0.289305,419.021,2.04696,14.0081,4.16155e-05,7.20987,0.6582,CUB,3419.62
Ca4Nb4O14,8.92748,22,171.41,0.23249,705.0,2.03167,51.7565,2.85335e-05,4.29127,1.7677,FCC,5091.05
Mg2O12Ta4,8.94536,18,221.576,0.264503,588.129,2.02399,45.6922,2.67687e-05,7.50559,3.0629,TET,3954.87
Gd2O2Se1,8.95983,5,108.116,0.265704,352.033,1.95327,14.3595,3.87048e-05,7.67193,1.9866,HEX,3011.31
Ir2O4,8.97785,6,258.026,0.325429,451.093,2.25938,16.4768,3.0181e-05,11.3483,0.0,TET,3304.5
Al8O20Si4,8.99218,32,185.652,0.24368,898.82,1.92413,64.4979,2.57078e-05,3.05912,4.8388,ORC,5911.45
O4S2Sc4,9.06028,10,135.545,0.287654,588.944,1.92838,25.4568,3.44975e-05,3.57596,2.4796,HEX,4716.89
Al4Co2O8,9.26437,14,185.33,0.287198,712.059,1.92815,32.8338,3.3788e-05,4.28096,3.9638,FCC,5124.17
Ca1O3Sn1,9.29177,5,129.015,0.270728,520.868,2.27409,13.4032,4.60319e-05,4.8952,0.6888,CUB,4306.76
O12Os4Rb2,9.32515,18,151.303,0.229736,513.9,1.83703,47.6494,2.92219e-05,6.87568,0.0,FCC,3638.5
Li2O8V4,9.36476,14,173.557,0.265961,743.263,2.03392,32.1628,3.48533e-05,3.91664,0.0,FCC,4760.23
La1Mn1O3,9.48942,5,158.135,0.285947,496.996,2.22567,13.5245,4.1707e-05,6.45258,0.0,CUB,3909.14
O8Sb2V2,9.59146,12,184.571,0.245302,647.19,2.19186,29.5337,3.45697e-05,5.69746,0.2038,BCT,4675.34
Cr2O4,9.66821,6,187.317,0.2774,701.352,2.52754,14.3792,4.37729e-05,4.65182,0.0,TET,5154.96
Mg4O8,9.78385,12,129.836,0.230716,783.681,1.9666,26.8705,4.65084e-05,3.18346,3.7333,CUB,5628.97
O3Pb1Zr1,9.84373,5,149.057,0.28833,416.941,2.08209,13.9779,3.58866e-05,7.71287,2.2831,CUB,3452.06
O8Ru4,9.89981,12,263.141,0.280001,654.835,2.26257,29.287,2.91471e-05,7.4995,0.0,CUB,4699.48
Fe1O1,9.91425,2,171.444,0.366897,450.864,2.13521,5.54863,4.67375e-05,5.91316,0.0,FCC,3279.66
Mg6Mn1O8,9.91502,15,142.438,0.202998,810.063,2.06076,32.8671,4.2039e-05,3.58296,2.2626,FCC,5801.45
O2Sr1,9.91837,3,84.307,0.251149,448.116,2.07256,8.42335,6.47822e-05,4.57458,2.8184,BCT,3422.44
Al2O6Y2,9.92536,10,165.987,0.288037,613.087,1.95989,25.068,3.33154e-05,4.50072,3.5012,HEX,4707.14
Li4O10Si4,10.0766,18,139.91,0.239721,876.304,1.94264,37.1231,3.2876e-05,2.35638,5.1672,ORCC,4987.23
Hf2O6Sr2,10.0884,10,159.92,0.237444,504.09,2.0447,26.7381,3.36091e-05,7.5111,4.0765,BCT,3954.2
Bi1Ga1O3,10.1276,5,165.596,0.27739,446.933,2.12474,13.8439,4.11988e-05,9.24355,1.2959,CUB,3474.21
O3Rb1U1,10.1735,5,126.845,0.276989,391.977,1.98516,14.1076,3.55324e-05,7.22327,2.9093,CUB,3386.84
O6Sr2Zr2,10.1876,10,149.644,0.247789,563.091,2.05282,25.8846,3.37122e-05,5.24499,3.58,BCT,4465.8
O4Os2,10.2115,6,270.018,0.325263,464.095,2.20818,16.336,2.76951e-05,11.1687,0.0,TET,3425.1
Mg4O8Si2,10.325,14,153.173,0.255885,794.176,1.9489,30.8982,3.51345e-05,3.09028,4.5912,HEX,5061.55
K1O3U1,10.4189,5,127.492,0.287516,408.067,1.94634,14.0034,3.50476e-05,6.44557,3.0113,CUB,3508.15
Ba1Nb7O9,10.4578,17,208.417,0.244643,600.967,2.03148,42.7573,2.5238e-05,6.85988,0.0,TET,4640.78
Mg2O2,10.5539,4,110.111,0.317945,585.874,1.90189,10.2924,4.93564e-05,2.74163,3.3614,HEX,4515.88
Gd1O1,10.6193,2,97.0255,0.314818,294.045,1.89963,5.86216,4.03636e-05,7.35262,0.0,FCC,2670.09
Hf1O3Pb1,10.6517,5,160.132,0.275017,397.035,2.06793,14.0847,3.47602e-05,10.0371,2.4164,CUB,3230.26
Hf2O8Si2,10.9772,12,227.385,0.288187,603.116,1.9727,30.1628,2.71111e-05,6.81658,5.2995,BCT,4346.04
Fe1O2Sr1,11.087,4,100.648,0.257344,461.079,1.95694,11.0413,5.07765e-05,5.04615,0.0,TET,3717.47
Li2O8Ti4,11.2029,14,164.773,0.254231,767.05,1.94712,31.4972,3.19416e-05,3.50435,0.0,FCC,5012.94
Al4Mg2O8,11.24,14,180.56,0.273144,809.086,1.90248,30.4768,3.18823e-05,3.46739,5.1166,FCC,5830.03
Nb1O3Sr1,11.4654,5,165.949,0.305805,505.937,2.0631,13.3591,3.3561e-05,5.612,0.0,CUB,4050.54
O8Si2Zr2,11.5675,12,239.681,0.301433,714.941,2.01348,27.9819,2.62275e-05,4.98541,4.0416,BCT,4935.83
O8Ti4,11.6067,12,217.216,0.300036,739.079,1.9943,27.5026,2.64842e-05,4.09225,2.8179,ORC,5357.55
O1Zn1,11.632,2,127.424,0.333697,420.86,1.9467,5.62522,5.1497e-05,5.93636,1.6841,FCC,3196.21
O4Rh2,11.6446,6,216.937,0.292882,582.06,2.25783,15.3765,3.32801e-05,6.8307,0.0,TET,4331.18
Al4O8Zn2,11.6634,14,188.451,0.2558,757.013,1.91026,31.7367,3.27407e-05,4.57291,4.4888,FCC,5349.62
O4Ru2,11.7534,6,240.037,0.313798,581.027,2.22537,15.3475,2.98761e-05,6.80223,0.0,ORC,4308.97
Cr2O8V2,11.8175,12,169.826,0.255485,728.78,2.01844,27.7622,3.05419e-05,3.78281,1.8322,ORCC,4185.73
C2Li4O6,11.8313,12,144.84,0.243441,963.896,1.93219,22.9782,4.03523e-05,2.42385,3.7533,HEX,4797.52
Ba1Nb1O3,11.8894,5,161.018,0.279955,487.92,2.12842,13.5006,3.43684e-05,6.51022,0.0,CUB,3985.73
Mo2O4,12.0956,6,218.111,0.315031,572.888,2.14816,15.4018,2.88621e-05,5.90464,0.0,TET,4369.97
O6Sr2Ti2,12.185,10,159.72,0.235032,648.108,2.03896,24.5487,3.41011e-05,4.88243,2.3866,BCT,5114.42
O1U1,12.2363,2,113.812,0.306193,269.044,1.83502,5.90503,4.00941e-05,12.5121,0.0,FCC,2218.55
Ag1Nb1O3,12.2468,5,182.054,0.297461,515.887,2.12024,13.2952,3.30766e-05,6.45335,1.7706,CUB,4067.53
O8Re4,12.2838,12,297.017,0.265361,575.033,2.17979,30.6759,2.375e-05,11.1626,0.0,ORC,4026.43
O3Pb1Ti1,12.3097,5,162.783,0.269944,473.931,2.05993,13.6093,3.68146e-05,7.86753,2.181,CUB,3739.22
Ba1Nb4O6,12.4976,11,196.584,0.248395,579.942,2.04514,28.0621,2.68932e-05,6.77116,0.0,TET,4445.91
Bi4Fe4O12,12.5194,20,182.957,0.313542,491.004,1.42213,53.0247,2.05547e-05,8.31948,1.341,ORC,3143.67
O8P2Sc2,12.7395,12,193.581,0.275425,797.078,2.00226,26.3414,2.79077e-05,3.50882,4.8968,BCT,5161.67
K1Nb1O3,12.7733,5,163.052,0.296983,576.892,2.1048,12.8422,3.38753e-05,4.47347,2.047,ORCC,3837.58
Al4O10Si2,12.8372,16,216.093,0.271903,886.232,1.9362,32.6124,2.60767e-05,3.54175,5.4565,ORCC,6265.43
Mg4O12Si4,12.9046,20,222.634,0.221479,986.825,2.04722,37.3204,2.7518e-05,3.97073,5.4138,ORC,6883.13
Li3O4U1,12.9415,8,138.175,0.218877,584.937,1.88842,20.5229,4.36029e-05,6.11875,3.0831,BCT,3590.01
O3Sn1Ti1,12.9608,5,163.746,0.285751,541.049,2.05623,13.1249,3.56554e-05,5.64874,1.7288,CUB,4325.93
O4Ti2,13.0947,6,192.444,0.331091,647.977,1.98136,14.668,2.82851e-05,3.63372,2.5528,BCT,4640.64
C2O4,13.3189,6,98.8897,0.30703,707.019,1.77028,14.1036,3.44195e-05,1.47602,6.464,TET,1366.42
O1Sr1,13.3637,2,80.097,0.232998,413.131,2.12578,5.6872,5.83316e-05,4.88035,3.2755,FCC,3680.11
O9W3,13.4881,12,199.588,0.23539,600.095,2.1088,30.1848,2.33988e-05,6.19541,0.7586,HEX,4649.6
O4Re2,13.6076,6,274.144,0.294033,516.875,2.23451,15.8855,2.63128e-05,10.7534,0.0,TET,3866.47
O4Si2,13.6454,6,141.055,0.338724,662.904,1.8583,14.4819,2.50972e-05,1.92307,5.3686,FCC,5737.83
Na1O3W1,13.6807,5,196.903,0.292242,531.866,2.10753,13.1599,3.17155e-05,6.97981,0.0,CUB,4144.71
Al8O12,13.7281,20,225.147,0.238396,956.022,1.92314,38.3429,2.5837e-05,3.95526,5.3126,ORC,6661.64
Mn1O1,13.7516,2,138.794,0.310366,499.764,2.15035,5.42456,4.94729e-05,5.11069,0.1755,FCC,3841.43
Ce1O2,13.8996,3,178.377,0.321559,449.91,2.09258,8.23808,3.18829e-05,6.89265,2.4184,FCC,3653.1
Fe1La1O3,13.9237,5,162.396,0.267289,534.101,2.06633,13.1908,3.6708e-05,6.40838,0.5431,CUB,4165.05
Ba1O3Zr1,14.012,5,142.409,0.24418,508.052,2.10688,13.3638,3.50494e-05,5.95313,3.0367,CUB,4284.51
O4Ta2,14.1696,6,244.013,0.300281,491.903,2.05036,16.057,2.52856e-05,9.65966,0.0,TET,3776.45
Ca2O6Ti2,14.4852,10,167.779,0.239333,754.127,2.00344,22.7278,3.13561e-05,3.84548,2.7874,BCT,5720.6
Eu1O3Ti1,14.8487,5,161.556,0.256541,536.048,2.03525,13.1626,3.61321e-05,6.58174,0.7493,CUB,4406.48
O3Sr1Zr1,14.8962,5,146.019,0.257406,547.115,2.05797,13.0669,3.40182e-05,5.09365,3.2164,CUB,4550.11
O2Th1,15.0171,3,167.763,0.307392,380.059,1.99901,8.47007,2.81011e-05,8.86728,4.5404,FCC,3214.84
Hf1O3Sr1,15.1081,5,157.079,0.24633,492.136,2.03861,13.4563,3.36466e-05,7.34344,3.7303,CUB,4032.03
Mg2O6Si2,15.2027,10,219.561,0.268522,883.298,2.01408,20.478,3.02244e-05,3.97015,4.6369,ORCC,5749.19
Ca1O3Zr1,15.2909,5,149.232,0.274925,592.162,2.0278,12.7014,3.26411e-05,4.12971,3.2142,CUB,4876.68
O6W2,15.3918,8,212.967,0.261764,577.104,2.10517,20.4198,2.39649e-05,6.67335,0.7391,TET,4104.21
Nb2O4,15.7693,6,231.909,0.309197,608.003,2.04394,15.0241,2.49301e-05,5.72086,0.0,TET,4678.01
C4O8,15.8106,12,95.4681,0.216386,864.773,1.7556,24.9134,3.01895e-05,1.42749,6.61,CUB,1541.44
Al1Bi1O3,15.9342,5,181.036,0.245881,531.002,2.02741,13.1995,3.69247e-05,8.63886,1.5288,CUB,4012.06
O8Si4,16.0347,12,164.948,0.238966,884.915,1.98702,24.4696,2.5842e-05,2.58341,5.1693,ORCI,3837.7
Cr2O8P2,16.0695,12,191.553,0.217925,875.949,2.09134,24.7097,2.80696e-05,3.75947,1.7989,ORCC,5033.5
Ba1O3Ti1,16.6821,5,152.929,0.227498,578.888,2.1084,12.846,3.60648e-05,5.78831,2.1335,CUB,4701.48
Ca1O2,16.6962,3,94.1889,0.225225,625.799,2.0111,7.57765,5.75258e-05,3.1698,2.7622,BCT,4145.29
Ca2O6Si2,16.9549,10,203.0,0.228838,882.199,2.08098,20.5183,3.02333e-05,4.10812,3.5468,TET,6447.63
Cr1La1O3,16.9784,5,171.651,0.246035,573.939,2.06128,12.8655,3.43833e-05,6.48151,1.7885,CUB,4515.79
O1Yb1,17.4662,2,97.0198,0.180099,363.136,2.00736,5.78979,5.72702e-05,10.756,1.0945,FCC,2846.32
B2O8Ta2,17.4699,12,285.595,0.254041,731.956,1.97342,27.5858,2.36244e-05,7.71043,3.6319,BCT,4930.12
Na1O3Ta1,17.7321,5,184.269,0.257092,569.057,2.05745,12.8689,3.07752e-05,6.55803,2.5032,CUB,4499.54
Li2Nb2O4,17.7999,8,202.54,0.229181,747.139,2.04858,18.2891,3.18635e-05,5.56259,1.6572,HEX,4727.73
Na2O6Ta2,17.8237,10,187.882,0.18157,669.096,2.06688,24.1456,2.91458e-05,6.73116,2.5252,TET,4406.53
O2Pa1,18.0073,3,197.993,0.286166,421.933,2.05892,8.32765,2.92113e-05,10.749,0.0,FCC,3370.52
O8Pa4,18.0263,12,197.987,0.286045,422.059,2.05793,8.32703,2.9195e-05,10.7456,0.0,CUB,3371.11
O1Sc1,18.4002,2,145.014,0.27327,612.049,2.32961,5.08991,4.69406e-05,4.28234,0.0,FCC,4798.6
Na2Nb2O6,18.5039,10,177.94,0.190913,786.834,2.08414,22.1297,2.85539e-05,4.42281,1.8633,TET,5314.11
Cr1O2,19.0136,3,205.253,0.257841,753.31,2.49082,6.90551,4.18171e-05,5.16477,0.0,FCC,5489.95
O4W2,19.1694,6,276.801,0.269699,557.047,2.11099,15.4858,2.35234e-05,10.426,0.0,TET,4211.59
O3Sr1Tc1,19.1747,5,155.055,0.263449,540.984,1.80235,13.0536,3.14047e-05,5.88337,0.1122,CUB,4374.6
Na1Nb1O3,19.219,5,174.188,0.259389,678.807,2.0755,11.9962,3.0701e-05,4.29332,1.8358,CUB,5395.58
K1O3Ta1,19.2577,5,178.57,0.230611,579.873,2.10432,12.7992,3.11762e-05,6.73174,2.3227,CUB,4650.23
O6Re2,19.32,8,249.637,0.227756,647.878,2.1704,19.5407,2.44648e-05,8.21381,0.0,HEX,3969.38
B2Nb2O8,19.3308,12,273.253,0.257305,874.141,1.98096,24.6585,2.21723e-05,5.0852,2.8001,BCT,5890.17
Li2O1,19.3402,3,69.5865,0.160425,862.689,1.84982,6.41937,8.81776e-05,1.97273,4.9039,FCC,6502.41
O4V2,19.367,6,228.429,0.279105,788.761,2.15625,13.2674,2.74527e-05,4.46159,0.7285,TET,5664.84
O3Sr1Ti1,21.4744,5,159.385,0.217688,670.946,2.04082,12.079,3.35492e-05,4.86033,2.29,CUB,5164.65
Ni1O1,21.5038,2,174.022,0.28359,572.08,2.09675,5.18907,4.46022e-05,6.56005,1.7949,FCC,4171.43
Ca1O3Ti1,21.6331,5,164.107,0.249325,733.176,1.99003,11.5432,3.15829e-05,3.74852,2.3664,CUB,5741.31
O3Re1,21.7342,4,225.006,0.273905,567.933,2.16789,10.2703,2.46901e-05,7.08131,0.0,CUB,4564.98
Hf1O2,21.8378,3,244.634,0.301848,483.947,1.98761,8.07004,2.74772e-05,10.6975,3.8049,FCC,3593.82
Al1La1O3,22.272,5,184.401,0.224046,647.861,2.01793,12.2563,3.24568e-05,6.31276,3.1268,CUB,4973.68
O2Zr1,23.9236,3,226.946,0.30933,599.013,2.01372,7.561,2.68396e-05,5.98871,3.1237,FCC,4522.44
O3W1,24.0636,4,220.607,0.269017,576.075,2.11115,10.2118,2.35101e-05,6.7605,0.7294,CUB,4696.55
Ca1O1,24.3778,2,99.5719,0.216153,619.873,2.06248,5.05334,5.00142e-05,3.28516,3.6357,FCC,5188.79
Nb3O3,24.5568,6,232.592,0.24206,637.128,2.02955,14.7294,2.28428e-05,7.05532,0.0,CUB,5046.31
O1V1,25.0924,2,152.36,0.270069,607.913,2.06649,5.06669,4.24677e-05,5.01979,0.5352,FCC,4497.18
Be4O4,28.662,8,187.041,0.22037,1114.27,1.75149,13.206,2.84169e-05,2.8565,7.0887,TET,7532.2
Ca1O3Si1,29.3617,5,203.749,0.21637,905.683,2.07613,10.0434,2.94016e-05,4.11037,3.4645,CUB,6628.32
O10Ta4,39.2307,14,440.158,0.292384,727.941,2.02405,16.0222,1.06514e-05,7.73171,0.4338,ORC,3935.31
Mg1O1,44.6395,2,142.026,0.193802,849.11,1.95457,4.23772,4.06864e-05,3.48027,4.4692,FCC,6360.02
Be2O2,53.2285,4,195.211,0.198299,1181.19,1.75834,6.1664,2.64565e-05,2.96457,7.4494,HEX,7937.86
Be1O1,68.0806,2,226.133,0.244642,1128.26,1.78588,3.25467,2.82532e-05,3.42128,8.183,FCC,7217.39
